{
  "task": "detection",
  "model": "efficientnet",
  "best_val_f1": 0.7615940058612043,
  "final_accuracy": 0.7636363636363637,
  "final_precision": 0.781557750937629,
  "final_recall": 0.7636363636363637,
  "final_f1": 0.7615940058612043,
  "final_auc_roc": 0.8593788819875776,
  "classes": [
    "no_tumor",
    "tumor"
  ],
  "augmentation": {
    "mixup": false,
    "cutmix": false,
    "focal_loss": false
  }
}